id,time,class,text_value,numeric_value
1,1958-03-15 00:00:00,demographic,birth_date,
1,2024-01-02 08:00:00,lab,hemoglobin,13.2
1,2024-01-02 08:00:00,lab,glucose,98.0
1,2024-01-02 08:00:00,lab,creatinine,0.9
1,2024-01-02 08:05:00,vital,heart_rate,78.0
1,2024-01-02 08:05:00,vital,blood_pressure_systolic,128.0
1,2024-01-02 08:05:00,vital,blood_pressure_diastolic,82.0
1,2024-01-02 08:05:00,vital,spo2,97.0
1,2024-01-02 08:10:00,medication,"lisinopril, oral, daily, mg",10.0
1,2024-01-02 08:10:00,medication,"metformin, oral, BID, mg",500.0
1,2024-01-02 08:15:00,flowsheet,o2_device: room_air,
1,2024-01-02 08:15:00,flowsheet,diet: regular,
1,2024-01-02 08:15:00,flowsheet,fall_risk: low,
1,2024-01-15 09:30:00,lab,hemoglobin,12.8
1,2024-01-15 09:30:00,lab,glucose,105.0
1,2024-01-15 09:30:00,lab,creatinine,1.0
1,2024-01-15 09:35:00,vital,heart_rate,82.0
1,2024-01-15 09:35:00,vital,blood_pressure_systolic,132.0
1,2024-01-15 09:35:00,vital,blood_pressure_diastolic,85.0
1,2024-01-15 09:35:00,vital,spo2,96.0
1,2024-02-20 10:00:00,admission,admitted,
1,2024-02-20 10:15:00,lab,hemoglobin,10.5
1,2024-02-20 10:15:00,lab,glucose,142.0
1,2024-02-20 10:15:00,lab,creatinine,1.4
1,2024-02-20 10:30:00,vital,heart_rate,95.0
1,2024-02-20 10:30:00,vital,blood_pressure_systolic,145.0
1,2024-02-20 10:30:00,vital,blood_pressure_diastolic,92.0
1,2024-02-20 10:30:00,vital,spo2,93.0
1,2024-02-20 10:45:00,medication,"vancomycin, IV, q12h, mg",1000.0
1,2024-02-20 10:45:00,medication,"furosemide, IV, BID, mg",40.0
1,2024-02-20 11:00:00,flowsheet,o2_device: nasal_cannula,
1,2024-02-20 11:00:00,flowsheet,fall_risk: high,
1,2024-02-20 18:00:00,vital,heart_rate,88.0
1,2024-02-20 18:00:00,vital,blood_pressure_systolic,138.0
1,2024-02-20 18:00:00,vital,blood_pressure_diastolic,88.0
1,2024-02-20 18:00:00,vital,spo2,95.0
1,2024-02-21 06:00:00,lab,hemoglobin,10.8
1,2024-02-21 06:00:00,lab,glucose,128.0
1,2024-02-21 06:00:00,lab,creatinine,1.3
1,2024-02-21 07:00:00,vital,heart_rate,80.0
1,2024-02-21 07:00:00,vital,blood_pressure_systolic,130.0
1,2024-02-21 07:00:00,vital,blood_pressure_diastolic,84.0
1,2024-02-21 07:00:00,vital,spo2,96.0
1,2024-02-21 08:00:00,medication,"vancomycin, IV, q12h, mg",1000.0
1,2024-02-21 08:00:00,medication,"furosemide, IV, BID, mg",20.0
1,2024-02-21 08:00:00,flowsheet,o2_device: room_air,
1,2024-02-21 08:00:00,flowsheet,fall_risk: moderate,
1,2024-02-22 14:00:00,discharge,discharged_home,
1,2024-03-10 09:00:00,lab,hemoglobin,12.0
1,2024-03-10 09:00:00,lab,glucose,110.0
1,2024-03-10 09:00:00,lab,creatinine,1.0
1,2024-03-10 09:15:00,vital,heart_rate,76.0
1,2024-03-10 09:15:00,vital,blood_pressure_systolic,126.0
1,2024-03-10 09:15:00,vital,blood_pressure_diastolic,80.0
1,2024-03-10 09:15:00,vital,spo2,98.0
1,2024-03-10 09:20:00,medication,"lisinopril, oral, daily, mg",20.0
1,2024-03-10 09:20:00,medication,"metformin, oral, BID, mg",500.0
2,1990-07-22 00:00:00,demographic,birth_date,
2,2024-01-05 14:00:00,lab,hemoglobin,14.5
2,2024-01-05 14:00:00,lab,glucose,88.0
2,2024-01-05 14:00:00,lab,creatinine,0.8
2,2024-01-05 14:10:00,vital,heart_rate,68.0
2,2024-01-05 14:10:00,vital,blood_pressure_systolic,118.0
2,2024-01-05 14:10:00,vital,blood_pressure_diastolic,75.0
2,2024-01-05 14:10:00,vital,spo2,99.0
2,2024-01-05 14:20:00,medication,"atorvastatin, oral, daily, mg",20.0
2,2024-01-05 14:20:00,flowsheet,o2_device: room_air,
2,2024-01-05 14:20:00,flowsheet,diet: cardiac,
2,2024-01-05 14:20:00,flowsheet,fall_risk: low,
2,2024-03-01 08:00:00,admission,admitted,
2,2024-03-01 08:30:00,lab,hemoglobin,11.2
2,2024-03-01 08:30:00,lab,glucose,165.0
2,2024-03-01 08:30:00,lab,creatinine,1.6
2,2024-03-01 09:00:00,vital,heart_rate,102.0
2,2024-03-01 09:00:00,vital,blood_pressure_systolic,155.0
2,2024-03-01 09:00:00,vital,blood_pressure_diastolic,95.0
2,2024-03-01 09:00:00,vital,spo2,91.0
2,2024-03-01 09:15:00,medication,"heparin, IV, continuous, units",18000.0
2,2024-03-01 09:15:00,medication,"furosemide, IV, BID, mg",60.0
2,2024-03-01 09:30:00,flowsheet,o2_device: high_flow,
2,2024-03-01 09:30:00,flowsheet,fall_risk: high,
2,2024-03-01 20:00:00,vital,heart_rate,90.0
2,2024-03-01 20:00:00,vital,blood_pressure_systolic,140.0
2,2024-03-01 20:00:00,vital,blood_pressure_diastolic,88.0
2,2024-03-01 20:00:00,vital,spo2,94.0
2,2024-03-02 06:00:00,lab,hemoglobin,11.5
2,2024-03-02 06:00:00,lab,glucose,145.0
2,2024-03-02 06:00:00,lab,creatinine,1.4
2,2024-03-02 07:00:00,vital,heart_rate,85.0
2,2024-03-02 07:00:00,vital,blood_pressure_systolic,135.0
2,2024-03-02 07:00:00,vital,blood_pressure_diastolic,85.0
2,2024-03-02 07:00:00,vital,spo2,95.0
2,2024-03-02 08:00:00,medication,"heparin, IV, continuous, units",18000.0
2,2024-03-02 08:00:00,medication,"furosemide, IV, BID, mg",40.0
2,2024-03-02 08:00:00,flowsheet,o2_device: nasal_cannula,
2,2024-03-02 08:00:00,flowsheet,fall_risk: moderate,
2,2024-03-03 12:00:00,discharge,discharged_home,
2,2024-03-20 10:00:00,lab,hemoglobin,13.0
2,2024-03-20 10:00:00,lab,glucose,95.0
2,2024-03-20 10:00:00,lab,creatinine,0.9
2,2024-03-20 10:15:00,vital,heart_rate,72.0
2,2024-03-20 10:15:00,vital,blood_pressure_systolic,122.0
2,2024-03-20 10:15:00,vital,blood_pressure_diastolic,78.0
2,2024-03-20 10:15:00,vital,spo2,98.0
2,2024-03-20 10:20:00,medication,"atorvastatin, oral, daily, mg",40.0
2,2024-03-20 10:20:00,medication,"lisinopril, oral, daily, mg",10.0
